-- phpMyAdmin SQL Dump
-- version 5.2.1
-- https://www.phpmyadmin.net/
--
-- Host: 127.0.0.1
-- Waktu pembuatan: 04 Feb 2024 pada 11.31
-- Versi server: 10.4.28-MariaDB
-- Versi PHP: 8.2.4

SET SQL_MODE = "NO_AUTO_VALUE_ON_ZERO";
START TRANSACTION;
SET time_zone = "+00:00";


/*!40101 SET @OLD_CHARACTER_SET_CLIENT=@@CHARACTER_SET_CLIENT */;
/*!40101 SET @OLD_CHARACTER_SET_RESULTS=@@CHARACTER_SET_RESULTS */;
/*!40101 SET @OLD_COLLATION_CONNECTION=@@COLLATION_CONNECTION */;
/*!40101 SET NAMES utf8mb4 */;

--
-- Database: `cv_abell`
--

-- --------------------------------------------------------

--
-- Struktur dari tabel `t_detail_evaluasi`
--

CREATE TABLE `t_detail_evaluasi` (
  `id_detail_evaluasi` int(11) NOT NULL,
  `id_evaluasi` int(11) NOT NULL,
  `id_pernyataan` int(11) NOT NULL,
  `total_ekspetasi` int(11) NOT NULL,
  `total_presepsi` int(11) NOT NULL,
  `mis` float NOT NULL,
  `mss` float NOT NULL,
  `wf` float NOT NULL,
  `ws` float NOT NULL,
  `gap` float NOT NULL,
  `rekomendasi_perbaikan` varchar(100) NOT NULL
) ENGINE=InnoDB DEFAULT CHARSET=utf8mb4 COLLATE=utf8mb4_general_ci;

--
-- Dumping data untuk tabel `t_detail_evaluasi`
--

INSERT INTO `t_detail_evaluasi` (`id_detail_evaluasi`, `id_evaluasi`, `id_pernyataan`, `total_ekspetasi`, `total_presepsi`, `mis`, `mss`, `wf`, `ws`, `gap`, `rekomendasi_perbaikan`) VALUES
(121, 10, 1, 310, 319, 3.44, 3.54, 6.66, 23.58, -0.1, ''),
(122, 10, 2, 328, 320, 3.64, 3.56, 7.05, 25.1, 0.08, ''),
(123, 10, 3, 301, 312, 3.34, 3.47, 6.47, 22.45, -0.13, ''),
(124, 10, 4, 299, 327, 3.32, 3.63, 6.43, 23.34, -0.31, ''),
(125, 10, 5, 303, 311, 3.37, 3.46, 6.52, 22.56, -0.09, ''),
(126, 10, 6, 311, 326, 3.46, 3.62, 6.7, 24.25, -0.16, ''),
(127, 10, 7, 330, 316, 3.67, 3.51, 7.11, 24.96, 0.16, ''),
(128, 10, 8, 316, 320, 3.51, 3.56, 6.8, 24.21, -0.05, ''),
(129, 10, 9, 320, 316, 3.56, 3.51, 6.89, 24.18, 0.05, ''),
(130, 10, 10, 306, 219, 3.4, 2.43, 6.58, 15.99, 0.97, ''),
(131, 10, 11, 314, 321, 3.49, 3.57, 6.76, 24.13, -0.08, ''),
(132, 10, 12, 307, 308, 3.41, 3.42, 6.6, 22.57, -0.01, ''),
(133, 10, 13, 309, 313, 3.43, 3.48, 6.64, 23.11, -0.05, ''),
(134, 10, 14, 300, 311, 3.33, 3.46, 6.45, 22.32, -0.13, ''),
(135, 10, 15, 295, 311, 3.28, 3.46, 6.35, 21.97, -0.18, '');

-- --------------------------------------------------------

--
-- Struktur dari tabel `t_dimensi`
--

CREATE TABLE `t_dimensi` (
  `id_dimensi` int(11) NOT NULL,
  `dimensi` varchar(100) NOT NULL
) ENGINE=InnoDB DEFAULT CHARSET=utf8mb4 COLLATE=utf8mb4_general_ci;

--
-- Dumping data untuk tabel `t_dimensi`
--

INSERT INTO `t_dimensi` (`id_dimensi`, `dimensi`) VALUES
(1, 'Tangibles (Bukti Langsung)'),
(2, 'Reliability (Keandalan)'),
(3, 'Responsiveness (Daya Tanggap)'),
(4, 'Assurance (Kepastian)'),
(5, 'Emphaty (Empati)');

-- --------------------------------------------------------

--
-- Struktur dari tabel `t_evaluasi`
--

CREATE TABLE `t_evaluasi` (
  `id_evaluasi` int(11) NOT NULL,
  `id_kuesioner` int(11) NOT NULL,
  `total_responden` int(11) NOT NULL,
  `total_pelanggan` int(11) NOT NULL,
  `nilai_csi` float NOT NULL,
  `kriteria_nilai_csi` varchar(100) NOT NULL,
  `tanggal_evaluasi` date NOT NULL
) ENGINE=InnoDB DEFAULT CHARSET=utf8mb4 COLLATE=utf8mb4_general_ci;

--
-- Dumping data untuk tabel `t_evaluasi`
--

INSERT INTO `t_evaluasi` (`id_evaluasi`, `id_kuesioner`, `total_responden`, `total_pelanggan`, `nilai_csi`, `kriteria_nilai_csi`, `tanggal_evaluasi`) VALUES
(10, 1, 90, 90, 68.94, 'Puas', '2024-02-04');

-- --------------------------------------------------------

--
-- Struktur dari tabel `t_jawaban`
--

CREATE TABLE `t_jawaban` (
  `id_jawaban` int(11) NOT NULL,
  `id_kuesioner` int(11) NOT NULL,
  `id_pernyataan` int(11) NOT NULL,
  `presepsi` varchar(100) NOT NULL,
  `ekspetasi` varchar(100) NOT NULL,
  `id_pelanggan` int(11) NOT NULL
) ENGINE=InnoDB DEFAULT CHARSET=utf8mb4 COLLATE=utf8mb4_general_ci;

--
-- Dumping data untuk tabel `t_jawaban`
--

INSERT INTO `t_jawaban` (`id_jawaban`, `id_kuesioner`, `id_pernyataan`, `presepsi`, `ekspetasi`, `id_pelanggan`) VALUES
(1, 1, 1, '3', '3', 1),
(2, 1, 1, '4', '5', 2),
(3, 1, 1, '3', '2', 3),
(4, 1, 1, '3', '3', 4),
(5, 1, 1, '2', '5', 5),
(6, 1, 1, '5', '3', 6),
(7, 1, 1, '2', '2', 7),
(8, 1, 1, '3', '5', 8),
(9, 1, 1, '3', '3', 9),
(10, 1, 1, '2', '4', 10),
(11, 1, 1, '4', '5', 11),
(12, 1, 1, '4', '3', 12),
(13, 1, 1, '5', '2', 13),
(14, 1, 1, '5', '2', 14),
(15, 1, 1, '4', '2', 15),
(16, 1, 1, '3', '4', 16),
(17, 1, 1, '2', '5', 17),
(18, 1, 1, '4', '2', 18),
(19, 1, 1, '2', '3', 19),
(20, 1, 1, '3', '4', 20),
(21, 1, 1, '5', '5', 21),
(22, 1, 1, '4', '4', 22),
(23, 1, 1, '4', '3', 23),
(24, 1, 1, '4', '3', 24),
(25, 1, 1, '5', '2', 25),
(26, 1, 1, '4', '2', 26),
(27, 1, 1, '3', '5', 27),
(28, 1, 1, '2', '2', 28),
(29, 1, 1, '2', '4', 29),
(30, 1, 1, '4', '5', 30),
(31, 1, 1, '2', '4', 31),
(32, 1, 1, '5', '4', 32),
(33, 1, 1, '5', '3', 33),
(34, 1, 1, '5', '4', 34),
(35, 1, 1, '3', '4', 35),
(36, 1, 1, '4', '2', 36),
(37, 1, 1, '3', '2', 37),
(38, 1, 1, '4', '4', 38),
(39, 1, 1, '5', '3', 39),
(40, 1, 1, '2', '5', 40),
(41, 1, 1, '4', '2', 41),
(42, 1, 1, '2', '3', 42),
(43, 1, 1, '2', '3', 43),
(44, 1, 1, '3', '2', 44),
(45, 1, 1, '5', '5', 45),
(46, 1, 1, '5', '2', 46),
(47, 1, 1, '5', '4', 47),
(48, 1, 1, '4', '4', 48),
(49, 1, 1, '2', '5', 49),
(50, 1, 1, '4', '2', 50),
(51, 1, 1, '2', '4', 51),
(52, 1, 1, '5', '5', 52),
(53, 1, 1, '4', '5', 53),
(54, 1, 1, '5', '2', 54),
(55, 1, 1, '4', '3', 55),
(56, 1, 1, '2', '2', 56),
(57, 1, 1, '5', '5', 57),
(58, 1, 1, '4', '4', 58),
(59, 1, 1, '4', '4', 59),
(60, 1, 1, '3', '2', 60),
(61, 1, 1, '5', '4', 61),
(62, 1, 1, '3', '3', 62),
(63, 1, 1, '4', '2', 63),
(64, 1, 1, '2', '3', 64),
(65, 1, 1, '5', '4', 65),
(66, 1, 1, '2', '3', 66),
(67, 1, 1, '5', '4', 67),
(68, 1, 1, '4', '3', 68),
(69, 1, 1, '5', '5', 69),
(70, 1, 1, '5', '2', 70),
(71, 1, 1, '4', '4', 71),
(72, 1, 1, '2', '2', 72),
(73, 1, 1, '5', '4', 73),
(74, 1, 1, '3', '5', 74),
(75, 1, 1, '2', '4', 75),
(76, 1, 1, '2', '2', 76),
(77, 1, 1, '3', '5', 77),
(78, 1, 1, '3', '2', 78),
(79, 1, 1, '5', '2', 79),
(80, 1, 1, '4', '5', 80),
(81, 1, 1, '2', '5', 81),
(82, 1, 1, '4', '3', 82),
(83, 1, 1, '3', '5', 83),
(84, 1, 1, '2', '4', 84),
(85, 1, 1, '5', '4', 85),
(86, 1, 1, '3', '2', 86),
(87, 1, 1, '2', '3', 87),
(88, 1, 1, '2', '4', 88),
(89, 1, 1, '3', '3', 89),
(90, 1, 1, '5', '4', 90),
(91, 1, 2, '5', '5', 1),
(92, 1, 2, '2', '5', 2),
(93, 1, 2, '3', '4', 3),
(94, 1, 2, '5', '3', 4),
(95, 1, 2, '2', '5', 5),
(96, 1, 2, '3', '5', 6),
(97, 1, 2, '2', '3', 7),
(98, 1, 2, '2', '3', 8),
(99, 1, 2, '2', '4', 9),
(100, 1, 2, '4', '5', 10),
(101, 1, 2, '2', '5', 11),
(102, 1, 2, '3', '5', 12),
(103, 1, 2, '4', '3', 13),
(104, 1, 2, '2', '3', 14),
(105, 1, 2, '3', '2', 15),
(106, 1, 2, '4', '5', 16),
(107, 1, 2, '5', '5', 17),
(108, 1, 2, '4', '2', 18),
(109, 1, 2, '5', '4', 19),
(110, 1, 2, '5', '2', 20),
(111, 1, 2, '3', '4', 21),
(112, 1, 2, '5', '5', 22),
(113, 1, 2, '2', '5', 23),
(114, 1, 2, '3', '2', 24),
(115, 1, 2, '4', '5', 25),
(116, 1, 2, '3', '3', 26),
(117, 1, 2, '2', '3', 27),
(118, 1, 2, '4', '4', 28),
(119, 1, 2, '4', '3', 29),
(120, 1, 2, '3', '5', 30),
(121, 1, 2, '2', '3', 31),
(122, 1, 2, '4', '5', 32),
(123, 1, 2, '4', '2', 33),
(124, 1, 2, '5', '3', 34),
(125, 1, 2, '3', '4', 35),
(126, 1, 2, '4', '3', 36),
(127, 1, 2, '2', '4', 37),
(128, 1, 2, '5', '3', 38),
(129, 1, 2, '5', '2', 39),
(130, 1, 2, '4', '4', 40),
(131, 1, 2, '3', '2', 41),
(132, 1, 2, '4', '4', 42),
(133, 1, 2, '5', '3', 43),
(134, 1, 2, '4', '3', 44),
(135, 1, 2, '2', '5', 45),
(136, 1, 2, '3', '2', 46),
(137, 1, 2, '2', '5', 47),
(138, 1, 2, '5', '5', 48),
(139, 1, 2, '2', '3', 49),
(140, 1, 2, '5', '2', 50),
(141, 1, 2, '5', '5', 51),
(142, 1, 2, '5', '2', 52),
(143, 1, 2, '5', '5', 53),
(144, 1, 2, '3', '2', 54),
(145, 1, 2, '5', '5', 55),
(146, 1, 2, '5', '5', 56),
(147, 1, 2, '5', '4', 57),
(148, 1, 2, '2', '5', 58),
(149, 1, 2, '2', '5', 59),
(150, 1, 2, '2', '3', 60),
(151, 1, 2, '4', '2', 61),
(152, 1, 2, '5', '4', 62),
(153, 1, 2, '2', '3', 63),
(154, 1, 2, '2', '4', 64),
(155, 1, 2, '3', '5', 65),
(156, 1, 2, '5', '4', 66),
(157, 1, 2, '2', '3', 67),
(158, 1, 2, '4', '2', 68),
(159, 1, 2, '5', '5', 69),
(160, 1, 2, '4', '5', 70),
(161, 1, 2, '2', '3', 71),
(162, 1, 2, '3', '5', 72),
(163, 1, 2, '4', '2', 73),
(164, 1, 2, '3', '2', 74),
(165, 1, 2, '2', '5', 75),
(166, 1, 2, '2', '3', 76),
(167, 1, 2, '5', '2', 77),
(168, 1, 2, '2', '5', 78),
(169, 1, 2, '5', '4', 79),
(170, 1, 2, '3', '5', 80),
(171, 1, 2, '5', '4', 81),
(172, 1, 2, '4', '2', 82),
(173, 1, 2, '5', '2', 83),
(174, 1, 2, '3', '4', 84),
(175, 1, 2, '2', '2', 85),
(176, 1, 2, '5', '2', 86),
(177, 1, 2, '3', '4', 87),
(178, 1, 2, '5', '4', 88),
(179, 1, 2, '4', '4', 89),
(180, 1, 2, '5', '2', 90),
(181, 1, 3, '3', '4', 1),
(182, 1, 3, '3', '4', 2),
(183, 1, 3, '3', '5', 3),
(184, 1, 3, '5', '2', 4),
(185, 1, 3, '4', '2', 5),
(186, 1, 3, '3', '2', 6),
(187, 1, 3, '2', '4', 7),
(188, 1, 3, '4', '2', 8),
(189, 1, 3, '3', '3', 9),
(190, 1, 3, '3', '3', 10),
(191, 1, 3, '4', '2', 11),
(192, 1, 3, '4', '3', 12),
(193, 1, 3, '3', '2', 13),
(194, 1, 3, '4', '3', 14),
(195, 1, 3, '3', '3', 15),
(196, 1, 3, '3', '3', 16),
(197, 1, 3, '5', '5', 17),
(198, 1, 3, '5', '5', 18),
(199, 1, 3, '4', '3', 19),
(200, 1, 3, '5', '5', 20),
(201, 1, 3, '4', '5', 21),
(202, 1, 3, '3', '5', 22),
(203, 1, 3, '3', '3', 23),
(204, 1, 3, '3', '5', 24),
(205, 1, 3, '4', '2', 25),
(206, 1, 3, '2', '3', 26),
(207, 1, 3, '5', '2', 27),
(208, 1, 3, '2', '5', 28),
(209, 1, 3, '3', '4', 29),
(210, 1, 3, '3', '3', 30),
(211, 1, 3, '3', '4', 31),
(212, 1, 3, '5', '3', 32),
(213, 1, 3, '4', '3', 33),
(214, 1, 3, '5', '5', 34),
(215, 1, 3, '5', '5', 35),
(216, 1, 3, '5', '5', 36),
(217, 1, 3, '2', '2', 37),
(218, 1, 3, '2', '4', 38),
(219, 1, 3, '2', '2', 39),
(220, 1, 3, '3', '2', 40),
(221, 1, 3, '2', '2', 41),
(222, 1, 3, '5', '3', 42),
(223, 1, 3, '3', '3', 43),
(224, 1, 3, '2', '5', 44),
(225, 1, 3, '4', '4', 45),
(226, 1, 3, '4', '5', 46),
(227, 1, 3, '5', '5', 47),
(228, 1, 3, '4', '3', 48),
(229, 1, 3, '4', '4', 49),
(230, 1, 3, '2', '4', 50),
(231, 1, 3, '2', '2', 51),
(232, 1, 3, '3', '2', 52),
(233, 1, 3, '4', '4', 53),
(234, 1, 3, '5', '4', 54),
(235, 1, 3, '2', '2', 55),
(236, 1, 3, '3', '5', 56),
(237, 1, 3, '2', '2', 57),
(238, 1, 3, '2', '4', 58),
(239, 1, 3, '5', '4', 59),
(240, 1, 3, '3', '3', 60),
(241, 1, 3, '5', '4', 61),
(242, 1, 3, '5', '5', 62),
(243, 1, 3, '3', '3', 63),
(244, 1, 3, '5', '3', 64),
(245, 1, 3, '5', '2', 65),
(246, 1, 3, '2', '4', 66),
(247, 1, 3, '3', '2', 67),
(248, 1, 3, '4', '2', 68),
(249, 1, 3, '5', '2', 69),
(250, 1, 3, '5', '4', 70),
(251, 1, 3, '2', '4', 71),
(252, 1, 3, '3', '2', 72),
(253, 1, 3, '2', '2', 73),
(254, 1, 3, '2', '2', 74),
(255, 1, 3, '2', '2', 75),
(256, 1, 3, '2', '2', 76),
(257, 1, 3, '3', '5', 77),
(258, 1, 3, '4', '5', 78),
(259, 1, 3, '2', '2', 79),
(260, 1, 3, '5', '4', 80),
(261, 1, 3, '5', '2', 81),
(262, 1, 3, '2', '2', 82),
(263, 1, 3, '4', '5', 83),
(264, 1, 3, '2', '5', 84),
(265, 1, 3, '4', '2', 85),
(266, 1, 3, '3', '4', 86),
(267, 1, 3, '4', '4', 87),
(268, 1, 3, '4', '5', 88),
(269, 1, 3, '5', '2', 89),
(270, 1, 3, '3', '2', 90),
(271, 1, 4, '5', '3', 1),
(272, 1, 4, '5', '3', 2),
(273, 1, 4, '4', '5', 3),
(274, 1, 4, '5', '2', 4),
(275, 1, 4, '4', '2', 5),
(276, 1, 4, '5', '2', 6),
(277, 1, 4, '5', '3', 7),
(278, 1, 4, '4', '5', 8),
(279, 1, 4, '4', '2', 9),
(280, 1, 4, '2', '3', 10),
(281, 1, 4, '4', '2', 11),
(282, 1, 4, '3', '2', 12),
(283, 1, 4, '3', '4', 13),
(284, 1, 4, '2', '3', 14),
(285, 1, 4, '4', '2', 15),
(286, 1, 4, '4', '5', 16),
(287, 1, 4, '4', '4', 17),
(288, 1, 4, '5', '4', 18),
(289, 1, 4, '3', '5', 19),
(290, 1, 4, '5', '3', 20),
(291, 1, 4, '4', '2', 21),
(292, 1, 4, '4', '2', 22),
(293, 1, 4, '3', '4', 23),
(294, 1, 4, '2', '3', 24),
(295, 1, 4, '2', '4', 25),
(296, 1, 4, '5', '4', 26),
(297, 1, 4, '2', '2', 27),
(298, 1, 4, '3', '3', 28),
(299, 1, 4, '5', '5', 29),
(300, 1, 4, '2', '4', 30),
(301, 1, 4, '2', '3', 31),
(302, 1, 4, '4', '4', 32),
(303, 1, 4, '2', '3', 33),
(304, 1, 4, '4', '5', 34),
(305, 1, 4, '5', '2', 35),
(306, 1, 4, '2', '4', 36),
(307, 1, 4, '5', '3', 37),
(308, 1, 4, '5', '2', 38),
(309, 1, 4, '5', '5', 39),
(310, 1, 4, '2', '3', 40),
(311, 1, 4, '4', '3', 41),
(312, 1, 4, '4', '2', 42),
(313, 1, 4, '5', '4', 43),
(314, 1, 4, '3', '5', 44),
(315, 1, 4, '4', '2', 45),
(316, 1, 4, '2', '4', 46),
(317, 1, 4, '2', '4', 47),
(318, 1, 4, '4', '2', 48),
(319, 1, 4, '4', '5', 49),
(320, 1, 4, '5', '3', 50),
(321, 1, 4, '4', '2', 51),
(322, 1, 4, '5', '3', 52),
(323, 1, 4, '3', '4', 53),
(324, 1, 4, '4', '2', 54),
(325, 1, 4, '4', '3', 55),
(326, 1, 4, '2', '3', 56),
(327, 1, 4, '3', '2', 57),
(328, 1, 4, '5', '5', 58),
(329, 1, 4, '3', '5', 59),
(330, 1, 4, '2', '3', 60),
(331, 1, 4, '2', '2', 61),
(332, 1, 4, '5', '3', 62),
(333, 1, 4, '2', '4', 63),
(334, 1, 4, '4', '3', 64),
(335, 1, 4, '4', '4', 65),
(336, 1, 4, '5', '3', 66),
(337, 1, 4, '5', '3', 67),
(338, 1, 4, '3', '3', 68),
(339, 1, 4, '4', '4', 69),
(340, 1, 4, '5', '2', 70),
(341, 1, 4, '4', '5', 71),
(342, 1, 4, '3', '4', 72),
(343, 1, 4, '5', '3', 73),
(344, 1, 4, '2', '3', 74),
(345, 1, 4, '4', '2', 75),
(346, 1, 4, '3', '5', 76),
(347, 1, 4, '4', '5', 77),
(348, 1, 4, '4', '2', 78),
(349, 1, 4, '4', '5', 79),
(350, 1, 4, '2', '3', 80),
(351, 1, 4, '2', '3', 81),
(352, 1, 4, '4', '2', 82),
(353, 1, 4, '3', '3', 83),
(354, 1, 4, '5', '4', 84),
(355, 1, 4, '4', '5', 85),
(356, 1, 4, '2', '2', 86),
(357, 1, 4, '2', '3', 87),
(358, 1, 4, '2', '4', 88),
(359, 1, 4, '5', '3', 89),
(360, 1, 4, '4', '5', 90),
(361, 1, 5, '3', '3', 1),
(362, 1, 5, '5', '3', 2),
(363, 1, 5, '4', '2', 3),
(364, 1, 5, '2', '2', 4),
(365, 1, 5, '4', '4', 5),
(366, 1, 5, '3', '2', 6),
(367, 1, 5, '3', '4', 7),
(368, 1, 5, '4', '5', 8),
(369, 1, 5, '4', '4', 9),
(370, 1, 5, '2', '2', 10),
(371, 1, 5, '2', '3', 11),
(372, 1, 5, '3', '2', 12),
(373, 1, 5, '3', '2', 13),
(374, 1, 5, '4', '4', 14),
(375, 1, 5, '3', '2', 15),
(376, 1, 5, '2', '5', 16),
(377, 1, 5, '2', '2', 17),
(378, 1, 5, '2', '5', 18),
(379, 1, 5, '3', '4', 19),
(380, 1, 5, '5', '5', 20),
(381, 1, 5, '3', '5', 21),
(382, 1, 5, '5', '3', 22),
(383, 1, 5, '2', '5', 23),
(384, 1, 5, '3', '3', 24),
(385, 1, 5, '2', '3', 25),
(386, 1, 5, '4', '4', 26),
(387, 1, 5, '5', '4', 27),
(388, 1, 5, '3', '5', 28),
(389, 1, 5, '4', '2', 29),
(390, 1, 5, '2', '5', 30),
(391, 1, 5, '5', '2', 31),
(392, 1, 5, '5', '2', 32),
(393, 1, 5, '2', '4', 33),
(394, 1, 5, '2', '4', 34),
(395, 1, 5, '5', '3', 35),
(396, 1, 5, '2', '3', 36),
(397, 1, 5, '5', '2', 37),
(398, 1, 5, '3', '2', 38),
(399, 1, 5, '2', '5', 39),
(400, 1, 5, '2', '2', 40),
(401, 1, 5, '2', '2', 41),
(402, 1, 5, '4', '4', 42),
(403, 1, 5, '3', '3', 43),
(404, 1, 5, '2', '2', 44),
(405, 1, 5, '3', '3', 45),
(406, 1, 5, '2', '4', 46),
(407, 1, 5, '3', '4', 47),
(408, 1, 5, '4', '3', 48),
(409, 1, 5, '4', '3', 49),
(410, 1, 5, '4', '2', 50),
(411, 1, 5, '4', '4', 51),
(412, 1, 5, '5', '3', 52),
(413, 1, 5, '5', '5', 53),
(414, 1, 5, '4', '4', 54),
(415, 1, 5, '4', '5', 55),
(416, 1, 5, '3', '2', 56),
(417, 1, 5, '5', '3', 57),
(418, 1, 5, '2', '5', 58),
(419, 1, 5, '4', '4', 59),
(420, 1, 5, '2', '2', 60),
(421, 1, 5, '4', '2', 61),
(422, 1, 5, '2', '2', 62),
(423, 1, 5, '5', '5', 63),
(424, 1, 5, '5', '4', 64),
(425, 1, 5, '2', '3', 65),
(426, 1, 5, '2', '3', 66),
(427, 1, 5, '5', '5', 67),
(428, 1, 5, '3', '2', 68),
(429, 1, 5, '5', '2', 69),
(430, 1, 5, '5', '3', 70),
(431, 1, 5, '5', '4', 71),
(432, 1, 5, '2', '2', 72),
(433, 1, 5, '4', '5', 73),
(434, 1, 5, '3', '2', 74),
(435, 1, 5, '5', '4', 75),
(436, 1, 5, '3', '5', 76),
(437, 1, 5, '4', '4', 77),
(438, 1, 5, '4', '5', 78),
(439, 1, 5, '2', '2', 79),
(440, 1, 5, '4', '4', 80),
(441, 1, 5, '4', '3', 81),
(442, 1, 5, '5', '3', 82),
(443, 1, 5, '5', '3', 83),
(444, 1, 5, '5', '4', 84),
(445, 1, 5, '4', '2', 85),
(446, 1, 5, '4', '4', 86),
(447, 1, 5, '2', '3', 87),
(448, 1, 5, '2', '4', 88),
(449, 1, 5, '4', '5', 89),
(450, 1, 5, '4', '4', 90),
(451, 1, 6, '3', '3', 1),
(452, 1, 6, '4', '5', 2),
(453, 1, 6, '5', '2', 3),
(454, 1, 6, '5', '5', 4),
(455, 1, 6, '2', '2', 5),
(456, 1, 6, '3', '2', 6),
(457, 1, 6, '4', '2', 7),
(458, 1, 6, '5', '4', 8),
(459, 1, 6, '3', '5', 9),
(460, 1, 6, '4', '2', 10),
(461, 1, 6, '3', '2', 11),
(462, 1, 6, '2', '5', 12),
(463, 1, 6, '3', '5', 13),
(464, 1, 6, '2', '3', 14),
(465, 1, 6, '2', '2', 15),
(466, 1, 6, '3', '3', 16),
(467, 1, 6, '4', '2', 17),
(468, 1, 6, '4', '5', 18),
(469, 1, 6, '2', '3', 19),
(470, 1, 6, '5', '4', 20),
(471, 1, 6, '5', '4', 21),
(472, 1, 6, '5', '3', 22),
(473, 1, 6, '5', '3', 23),
(474, 1, 6, '4', '5', 24),
(475, 1, 6, '5', '4', 25),
(476, 1, 6, '2', '5', 26),
(477, 1, 6, '5', '5', 27),
(478, 1, 6, '4', '2', 28),
(479, 1, 6, '2', '3', 29),
(480, 1, 6, '3', '4', 30),
(481, 1, 6, '2', '3', 31),
(482, 1, 6, '2', '5', 32),
(483, 1, 6, '2', '5', 33),
(484, 1, 6, '5', '4', 34),
(485, 1, 6, '3', '3', 35),
(486, 1, 6, '4', '2', 36),
(487, 1, 6, '4', '3', 37),
(488, 1, 6, '2', '2', 38),
(489, 1, 6, '4', '4', 39),
(490, 1, 6, '4', '5', 40),
(491, 1, 6, '5', '5', 41),
(492, 1, 6, '3', '5', 42),
(493, 1, 6, '4', '2', 43),
(494, 1, 6, '4', '4', 44),
(495, 1, 6, '3', '4', 45),
(496, 1, 6, '3', '3', 46),
(497, 1, 6, '5', '3', 47),
(498, 1, 6, '5', '4', 48),
(499, 1, 6, '4', '2', 49),
(500, 1, 6, '3', '3', 50),
(501, 1, 6, '3', '5', 51),
(502, 1, 6, '3', '2', 52),
(503, 1, 6, '4', '3', 53),
(504, 1, 6, '2', '4', 54),
(505, 1, 6, '3', '4', 55),
(506, 1, 6, '5', '4', 56),
(507, 1, 6, '2', '3', 57),
(508, 1, 6, '4', '5', 58),
(509, 1, 6, '5', '2', 59),
(510, 1, 6, '3', '2', 60),
(511, 1, 6, '3', '4', 61),
(512, 1, 6, '4', '3', 62),
(513, 1, 6, '5', '4', 63),
(514, 1, 6, '3', '3', 64),
(515, 1, 6, '3', '2', 65),
(516, 1, 6, '5', '5', 66),
(517, 1, 6, '5', '3', 67),
(518, 1, 6, '2', '5', 68),
(519, 1, 6, '4', '4', 69),
(520, 1, 6, '2', '2', 70),
(521, 1, 6, '4', '4', 71),
(522, 1, 6, '4', '3', 72),
(523, 1, 6, '3', '5', 73),
(524, 1, 6, '2', '2', 74),
(525, 1, 6, '5', '2', 75),
(526, 1, 6, '5', '3', 76),
(527, 1, 6, '4', '5', 77),
(528, 1, 6, '2', '2', 78),
(529, 1, 6, '2', '3', 79),
(530, 1, 6, '3', '2', 80),
(531, 1, 6, '4', '5', 81),
(532, 1, 6, '4', '4', 82),
(533, 1, 6, '4', '3', 83),
(534, 1, 6, '4', '5', 84),
(535, 1, 6, '5', '3', 85),
(536, 1, 6, '3', '4', 86),
(537, 1, 6, '4', '3', 87),
(538, 1, 6, '5', '3', 88),
(539, 1, 6, '5', '3', 89),
(540, 1, 6, '5', '3', 90),
(541, 1, 7, '4', '4', 1),
(542, 1, 7, '2', '5', 2),
(543, 1, 7, '5', '4', 3),
(544, 1, 7, '3', '3', 4),
(545, 1, 7, '3', '4', 5),
(546, 1, 7, '2', '4', 6),
(547, 1, 7, '3', '4', 7),
(548, 1, 7, '5', '3', 8),
(549, 1, 7, '3', '5', 9),
(550, 1, 7, '2', '2', 10),
(551, 1, 7, '2', '3', 11),
(552, 1, 7, '4', '4', 12),
(553, 1, 7, '2', '2', 13),
(554, 1, 7, '2', '5', 14),
(555, 1, 7, '5', '5', 15),
(556, 1, 7, '3', '2', 16),
(557, 1, 7, '5', '4', 17),
(558, 1, 7, '3', '2', 18),
(559, 1, 7, '5', '4', 19),
(560, 1, 7, '4', '3', 20),
(561, 1, 7, '3', '3', 21),
(562, 1, 7, '4', '2', 22),
(563, 1, 7, '2', '5', 23),
(564, 1, 7, '2', '4', 24),
(565, 1, 7, '3', '3', 25),
(566, 1, 7, '5', '4', 26),
(567, 1, 7, '5', '5', 27),
(568, 1, 7, '3', '3', 28),
(569, 1, 7, '5', '5', 29),
(570, 1, 7, '3', '2', 30),
(571, 1, 7, '4', '3', 31),
(572, 1, 7, '5', '4', 32),
(573, 1, 7, '3', '5', 33),
(574, 1, 7, '3', '5', 34),
(575, 1, 7, '5', '5', 35),
(576, 1, 7, '5', '2', 36),
(577, 1, 7, '2', '2', 37),
(578, 1, 7, '3', '3', 38),
(579, 1, 7, '5', '2', 39),
(580, 1, 7, '5', '5', 40),
(581, 1, 7, '3', '3', 41),
(582, 1, 7, '4', '3', 42),
(583, 1, 7, '3', '3', 43),
(584, 1, 7, '4', '3', 44),
(585, 1, 7, '3', '2', 45),
(586, 1, 7, '3', '3', 46),
(587, 1, 7, '5', '4', 47),
(588, 1, 7, '2', '5', 48),
(589, 1, 7, '5', '4', 49),
(590, 1, 7, '3', '5', 50),
(591, 1, 7, '2', '3', 51),
(592, 1, 7, '3', '5', 52),
(593, 1, 7, '4', '2', 53),
(594, 1, 7, '4', '4', 54),
(595, 1, 7, '4', '5', 55),
(596, 1, 7, '3', '3', 56),
(597, 1, 7, '3', '4', 57),
(598, 1, 7, '4', '4', 58),
(599, 1, 7, '5', '5', 59),
(600, 1, 7, '2', '2', 60),
(601, 1, 7, '3', '3', 61),
(602, 1, 7, '4', '3', 62),
(603, 1, 7, '2', '4', 63),
(604, 1, 7, '5', '4', 64),
(605, 1, 7, '5', '4', 65),
(606, 1, 7, '2', '2', 66),
(607, 1, 7, '3', '3', 67),
(608, 1, 7, '3', '3', 68),
(609, 1, 7, '3', '4', 69),
(610, 1, 7, '5', '5', 70),
(611, 1, 7, '5', '5', 71),
(612, 1, 7, '5', '5', 72),
(613, 1, 7, '2', '5', 73),
(614, 1, 7, '5', '5', 74),
(615, 1, 7, '2', '2', 75),
(616, 1, 7, '2', '3', 76),
(617, 1, 7, '4', '2', 77),
(618, 1, 7, '4', '5', 78),
(619, 1, 7, '5', '5', 79),
(620, 1, 7, '2', '5', 80),
(621, 1, 7, '2', '5', 81),
(622, 1, 7, '5', '2', 82),
(623, 1, 7, '2', '5', 83),
(624, 1, 7, '2', '2', 84),
(625, 1, 7, '4', '4', 85),
(626, 1, 7, '5', '4', 86),
(627, 1, 7, '2', '4', 87),
(628, 1, 7, '3', '4', 88),
(629, 1, 7, '4', '2', 89),
(630, 1, 7, '5', '5', 90),
(631, 1, 8, '2', '2', 1),
(632, 1, 8, '5', '4', 2),
(633, 1, 8, '2', '5', 3),
(634, 1, 8, '4', '2', 4),
(635, 1, 8, '4', '2', 5),
(636, 1, 8, '5', '5', 6),
(637, 1, 8, '3', '3', 7),
(638, 1, 8, '3', '3', 8),
(639, 1, 8, '5', '2', 9),
(640, 1, 8, '4', '5', 10),
(641, 1, 8, '3', '2', 11),
(642, 1, 8, '4', '5', 12),
(643, 1, 8, '2', '4', 13),
(644, 1, 8, '2', '3', 14),
(645, 1, 8, '5', '4', 15),
(646, 1, 8, '4', '3', 16),
(647, 1, 8, '5', '5', 17),
(648, 1, 8, '4', '4', 18),
(649, 1, 8, '5', '2', 19),
(650, 1, 8, '5', '5', 20),
(651, 1, 8, '3', '3', 21),
(652, 1, 8, '4', '5', 22),
(653, 1, 8, '3', '2', 23),
(654, 1, 8, '5', '3', 24),
(655, 1, 8, '4', '2', 25),
(656, 1, 8, '2', '5', 26),
(657, 1, 8, '2', '3', 27),
(658, 1, 8, '3', '3', 28),
(659, 1, 8, '4', '3', 29),
(660, 1, 8, '5', '5', 30),
(661, 1, 8, '5', '3', 31),
(662, 1, 8, '3', '2', 32),
(663, 1, 8, '4', '4', 33),
(664, 1, 8, '5', '4', 34),
(665, 1, 8, '5', '5', 35),
(666, 1, 8, '3', '5', 36),
(667, 1, 8, '2', '2', 37),
(668, 1, 8, '5', '5', 38),
(669, 1, 8, '4', '4', 39),
(670, 1, 8, '5', '4', 40),
(671, 1, 8, '4', '5', 41),
(672, 1, 8, '2', '3', 42),
(673, 1, 8, '3', '3', 43),
(674, 1, 8, '3', '5', 44),
(675, 1, 8, '5', '3', 45),
(676, 1, 8, '4', '2', 46),
(677, 1, 8, '5', '4', 47),
(678, 1, 8, '2', '5', 48),
(679, 1, 8, '2', '4', 49),
(680, 1, 8, '5', '4', 50),
(681, 1, 8, '2', '3', 51),
(682, 1, 8, '3', '3', 52),
(683, 1, 8, '3', '3', 53),
(684, 1, 8, '3', '2', 54),
(685, 1, 8, '5', '3', 55),
(686, 1, 8, '3', '3', 56),
(687, 1, 8, '4', '4', 57),
(688, 1, 8, '5', '5', 58),
(689, 1, 8, '2', '4', 59),
(690, 1, 8, '3', '2', 60),
(691, 1, 8, '2', '5', 61),
(692, 1, 8, '2', '3', 62),
(693, 1, 8, '2', '3', 63),
(694, 1, 8, '2', '5', 64),
(695, 1, 8, '2', '5', 65),
(696, 1, 8, '2', '5', 66),
(697, 1, 8, '3', '5', 67),
(698, 1, 8, '3', '2', 68),
(699, 1, 8, '5', '4', 69),
(700, 1, 8, '4', '4', 70),
(701, 1, 8, '5', '4', 71),
(702, 1, 8, '2', '5', 72),
(703, 1, 8, '4', '3', 73),
(704, 1, 8, '3', '4', 74),
(705, 1, 8, '3', '2', 75),
(706, 1, 8, '5', '4', 76),
(707, 1, 8, '4', '3', 77),
(708, 1, 8, '2', '3', 78),
(709, 1, 8, '2', '3', 79),
(710, 1, 8, '4', '2', 80),
(711, 1, 8, '5', '3', 81),
(712, 1, 8, '5', '3', 82),
(713, 1, 8, '5', '3', 83),
(714, 1, 8, '2', '2', 84),
(715, 1, 8, '3', '3', 85),
(716, 1, 8, '2', '2', 86),
(717, 1, 8, '4', '2', 87),
(718, 1, 8, '4', '5', 88),
(719, 1, 8, '4', '2', 89),
(720, 1, 8, '5', '5', 90),
(721, 1, 9, '2', '2', 1),
(722, 1, 9, '2', '3', 2),
(723, 1, 9, '3', '5', 3),
(724, 1, 9, '3', '4', 4),
(725, 1, 9, '5', '5', 5),
(726, 1, 9, '5', '3', 6),
(727, 1, 9, '3', '5', 7),
(728, 1, 9, '2', '5', 8),
(729, 1, 9, '2', '3', 9),
(730, 1, 9, '5', '2', 10),
(731, 1, 9, '4', '2', 11),
(732, 1, 9, '5', '3', 12),
(733, 1, 9, '2', '2', 13),
(734, 1, 9, '2', '5', 14),
(735, 1, 9, '2', '2', 15),
(736, 1, 9, '2', '2', 16),
(737, 1, 9, '4', '4', 17),
(738, 1, 9, '5', '2', 18),
(739, 1, 9, '4', '3', 19),
(740, 1, 9, '3', '3', 20),
(741, 1, 9, '4', '3', 21),
(742, 1, 9, '2', '5', 22),
(743, 1, 9, '5', '5', 23),
(744, 1, 9, '5', '4', 24),
(745, 1, 9, '4', '3', 25),
(746, 1, 9, '5', '4', 26),
(747, 1, 9, '4', '3', 27),
(748, 1, 9, '3', '4', 28),
(749, 1, 9, '5', '4', 29),
(750, 1, 9, '3', '5', 30),
(751, 1, 9, '3', '3', 31),
(752, 1, 9, '2', '2', 32),
(753, 1, 9, '3', '4', 33),
(754, 1, 9, '4', '4', 34),
(755, 1, 9, '4', '4', 35),
(756, 1, 9, '5', '4', 36),
(757, 1, 9, '2', '4', 37),
(758, 1, 9, '5', '2', 38),
(759, 1, 9, '4', '5', 39),
(760, 1, 9, '4', '3', 40),
(761, 1, 9, '4', '3', 41),
(762, 1, 9, '2', '3', 42),
(763, 1, 9, '3', '5', 43),
(764, 1, 9, '2', '3', 44),
(765, 1, 9, '5', '2', 45),
(766, 1, 9, '2', '2', 46),
(767, 1, 9, '2', '5', 47),
(768, 1, 9, '4', '2', 48),
(769, 1, 9, '5', '5', 49),
(770, 1, 9, '5', '2', 50),
(771, 1, 9, '4', '5', 51),
(772, 1, 9, '3', '3', 52),
(773, 1, 9, '3', '5', 53),
(774, 1, 9, '3', '2', 54),
(775, 1, 9, '3', '4', 55),
(776, 1, 9, '4', '2', 56),
(777, 1, 9, '3', '5', 57),
(778, 1, 9, '2', '3', 58),
(779, 1, 9, '5', '3', 59),
(780, 1, 9, '3', '4', 60),
(781, 1, 9, '5', '5', 61),
(782, 1, 9, '5', '3', 62),
(783, 1, 9, '2', '3', 63),
(784, 1, 9, '4', '5', 64),
(785, 1, 9, '4', '3', 65),
(786, 1, 9, '3', '4', 66),
(787, 1, 9, '2', '5', 67),
(788, 1, 9, '2', '5', 68),
(789, 1, 9, '5', '4', 69),
(790, 1, 9, '5', '2', 70),
(791, 1, 9, '3', '2', 71),
(792, 1, 9, '5', '3', 72),
(793, 1, 9, '4', '5', 73),
(794, 1, 9, '3', '5', 74),
(795, 1, 9, '4', '4', 75),
(796, 1, 9, '2', '5', 76),
(797, 1, 9, '3', '4', 77),
(798, 1, 9, '4', '5', 78),
(799, 1, 9, '3', '4', 79),
(800, 1, 9, '4', '3', 80),
(801, 1, 9, '5', '4', 81),
(802, 1, 9, '4', '3', 82),
(803, 1, 9, '5', '3', 83),
(804, 1, 9, '3', '2', 84),
(805, 1, 9, '2', '5', 85),
(806, 1, 9, '3', '3', 86),
(807, 1, 9, '2', '5', 87),
(808, 1, 9, '4', '2', 88),
(809, 1, 9, '4', '2', 89),
(810, 1, 9, '4', '4', 90),
(811, 1, 10, '2', '5', 1),
(812, 1, 10, '3', '3', 2),
(813, 1, 10, '3', '2', 3),
(814, 1, 10, '2', '2', 4),
(815, 1, 10, '3', '2', 5),
(816, 1, 10, '3', '4', 6),
(817, 1, 10, '2', '3', 7),
(818, 1, 10, '2', '2', 8),
(819, 1, 10, '2', '4', 9),
(820, 1, 10, '3', '5', 10),
(821, 1, 10, '2', '3', 11),
(822, 1, 10, '2', '2', 12),
(823, 1, 10, '1', '4', 13),
(824, 1, 10, '2', '2', 14),
(825, 1, 10, '2', '3', 15),
(826, 1, 10, '3', '5', 16),
(827, 1, 10, '3', '5', 17),
(828, 1, 10, '2', '4', 18),
(829, 1, 10, '2', '2', 19),
(830, 1, 10, '2', '5', 20),
(831, 1, 10, '1', '4', 21),
(832, 1, 10, '2', '3', 22),
(833, 1, 10, '3', '5', 23),
(834, 1, 10, '2', '2', 24),
(835, 1, 10, '1', '5', 25),
(836, 1, 10, '2', '2', 26),
(837, 1, 10, '2', '4', 27),
(838, 1, 10, '3', '5', 28),
(839, 1, 10, '2', '4', 29),
(840, 1, 10, '4', '5', 30),
(841, 1, 10, '3', '2', 31),
(842, 1, 10, '2', '5', 32),
(843, 1, 10, '5', '5', 33),
(844, 1, 10, '2', '5', 34),
(845, 1, 10, '1', '4', 35),
(846, 1, 10, '2', '2', 36),
(847, 1, 10, '2', '4', 37),
(848, 1, 10, '2', '2', 38),
(849, 1, 10, '3', '3', 39),
(850, 1, 10, '4', '2', 40),
(851, 1, 10, '3', '2', 41),
(852, 1, 10, '1', '3', 42),
(853, 1, 10, '3', '3', 43),
(854, 1, 10, '2', '5', 44),
(855, 1, 10, '2', '5', 45),
(856, 1, 10, '3', '3', 46),
(857, 1, 10, '3', '3', 47),
(858, 1, 10, '2', '4', 48),
(859, 1, 10, '2', '2', 49),
(860, 1, 10, '3', '2', 50),
(861, 1, 10, '2', '2', 51),
(862, 1, 10, '1', '3', 52),
(863, 1, 10, '2', '2', 53),
(864, 1, 10, '3', '5', 54),
(865, 1, 10, '4', '5', 55),
(866, 1, 10, '3', '3', 56),
(867, 1, 10, '4', '2', 57),
(868, 1, 10, '2', '5', 58),
(869, 1, 10, '1', '3', 59),
(870, 1, 10, '2', '3', 60),
(871, 1, 10, '2', '5', 61),
(872, 1, 10, '3', '3', 62),
(873, 1, 10, '3', '3', 63),
(874, 1, 10, '2', '5', 64),
(875, 1, 10, '2', '4', 65),
(876, 1, 10, '3', '2', 66),
(877, 1, 10, '3', '3', 67),
(878, 1, 10, '3', '3', 68),
(879, 1, 10, '3', '4', 69),
(880, 1, 10, '3', '5', 70),
(881, 1, 10, '2', '2', 71),
(882, 1, 10, '2', '3', 72),
(883, 1, 10, '2', '3', 73),
(884, 1, 10, '1', '4', 74),
(885, 1, 10, '2', '5', 75),
(886, 1, 10, '3', '5', 76),
(887, 1, 10, '2', '2', 77),
(888, 1, 10, '3', '2', 78),
(889, 1, 10, '2', '3', 79),
(890, 1, 10, '1', '2', 80),
(891, 1, 10, '2', '3', 81),
(892, 1, 10, '3', '5', 82),
(893, 1, 10, '2', '4', 83),
(894, 1, 10, '3', '3', 84),
(895, 1, 10, '2', '2', 85),
(896, 1, 10, '5', '4', 86),
(897, 1, 10, '4', '3', 87),
(898, 1, 10, '2', '5', 88),
(899, 1, 10, '3', '2', 89),
(900, 1, 10, '4', '2', 90),
(901, 1, 11, '5', '4', 1),
(902, 1, 11, '3', '2', 2),
(903, 1, 11, '5', '5', 3),
(904, 1, 11, '4', '2', 4),
(905, 1, 11, '2', '4', 5),
(906, 1, 11, '4', '4', 6),
(907, 1, 11, '5', '3', 7),
(908, 1, 11, '4', '2', 8),
(909, 1, 11, '3', '3', 9),
(910, 1, 11, '4', '3', 10),
(911, 1, 11, '4', '3', 11),
(912, 1, 11, '2', '5', 12),
(913, 1, 11, '5', '3', 13),
(914, 1, 11, '3', '3', 14),
(915, 1, 11, '5', '5', 15),
(916, 1, 11, '4', '5', 16),
(917, 1, 11, '2', '5', 17),
(918, 1, 11, '4', '2', 18),
(919, 1, 11, '3', '4', 19),
(920, 1, 11, '3', '4', 20),
(921, 1, 11, '5', '3', 21),
(922, 1, 11, '2', '3', 22),
(923, 1, 11, '2', '3', 23),
(924, 1, 11, '4', '3', 24),
(925, 1, 11, '2', '2', 25),
(926, 1, 11, '4', '3', 26),
(927, 1, 11, '3', '5', 27),
(928, 1, 11, '3', '4', 28),
(929, 1, 11, '2', '4', 29),
(930, 1, 11, '5', '5', 30),
(931, 1, 11, '5', '4', 31),
(932, 1, 11, '4', '2', 32),
(933, 1, 11, '5', '3', 33),
(934, 1, 11, '5', '3', 34),
(935, 1, 11, '4', '2', 35),
(936, 1, 11, '2', '5', 36),
(937, 1, 11, '5', '3', 37),
(938, 1, 11, '5', '2', 38),
(939, 1, 11, '3', '2', 39),
(940, 1, 11, '5', '5', 40),
(941, 1, 11, '2', '5', 41),
(942, 1, 11, '3', '4', 42),
(943, 1, 11, '4', '4', 43),
(944, 1, 11, '4', '4', 44),
(945, 1, 11, '5', '4', 45),
(946, 1, 11, '3', '2', 46),
(947, 1, 11, '3', '3', 47),
(948, 1, 11, '3', '4', 48),
(949, 1, 11, '3', '2', 49),
(950, 1, 11, '3', '4', 50),
(951, 1, 11, '3', '3', 51),
(952, 1, 11, '3', '4', 52),
(953, 1, 11, '3', '4', 53),
(954, 1, 11, '3', '5', 54),
(955, 1, 11, '4', '2', 55),
(956, 1, 11, '2', '3', 56),
(957, 1, 11, '5', '5', 57),
(958, 1, 11, '5', '4', 58),
(959, 1, 11, '3', '3', 59),
(960, 1, 11, '4', '5', 60),
(961, 1, 11, '4', '3', 61),
(962, 1, 11, '2', '2', 62),
(963, 1, 11, '4', '5', 63),
(964, 1, 11, '5', '5', 64),
(965, 1, 11, '3', '2', 65),
(966, 1, 11, '2', '2', 66),
(967, 1, 11, '4', '4', 67),
(968, 1, 11, '2', '3', 68),
(969, 1, 11, '3', '5', 69),
(970, 1, 11, '4', '5', 70),
(971, 1, 11, '3', '4', 71),
(972, 1, 11, '4', '4', 72),
(973, 1, 11, '4', '4', 73),
(974, 1, 11, '4', '3', 74),
(975, 1, 11, '3', '3', 75),
(976, 1, 11, '5', '4', 76),
(977, 1, 11, '3', '4', 77),
(978, 1, 11, '3', '4', 78),
(979, 1, 11, '3', '4', 79),
(980, 1, 11, '4', '3', 80),
(981, 1, 11, '5', '3', 81),
(982, 1, 11, '2', '3', 82),
(983, 1, 11, '3', '2', 83),
(984, 1, 11, '2', '3', 84),
(985, 1, 11, '5', '4', 85),
(986, 1, 11, '2', '2', 86),
(987, 1, 11, '4', '5', 87),
(988, 1, 11, '5', '4', 88),
(989, 1, 11, '3', '2', 89),
(990, 1, 11, '4', '2', 90),
(991, 1, 12, '3', '3', 1),
(992, 1, 12, '2', '3', 2),
(993, 1, 12, '5', '4', 3),
(994, 1, 12, '5', '4', 4),
(995, 1, 12, '3', '2', 5),
(996, 1, 12, '3', '2', 6),
(997, 1, 12, '5', '5', 7),
(998, 1, 12, '4', '2', 8),
(999, 1, 12, '2', '2', 9),
(1000, 1, 12, '5', '3', 10),
(1001, 1, 12, '2', '4', 11),
(1002, 1, 12, '4', '5', 12),
(1003, 1, 12, '4', '4', 13),
(1004, 1, 12, '3', '5', 14),
(1005, 1, 12, '2', '3', 15),
(1006, 1, 12, '4', '5', 16),
(1007, 1, 12, '3', '3', 17),
(1008, 1, 12, '4', '2', 18),
(1009, 1, 12, '3', '2', 19),
(1010, 1, 12, '3', '4', 20),
(1011, 1, 12, '3', '4', 21),
(1012, 1, 12, '3', '3', 22),
(1013, 1, 12, '4', '5', 23),
(1014, 1, 12, '2', '5', 24),
(1015, 1, 12, '5', '5', 25),
(1016, 1, 12, '2', '5', 26),
(1017, 1, 12, '4', '4', 27),
(1018, 1, 12, '3', '4', 28),
(1019, 1, 12, '2', '4', 29),
(1020, 1, 12, '5', '4', 30),
(1021, 1, 12, '2', '2', 31),
(1022, 1, 12, '4', '4', 32),
(1023, 1, 12, '4', '2', 33),
(1024, 1, 12, '2', '2', 34),
(1025, 1, 12, '3', '5', 35),
(1026, 1, 12, '4', '5', 36),
(1027, 1, 12, '4', '4', 37),
(1028, 1, 12, '5', '2', 38),
(1029, 1, 12, '4', '2', 39),
(1030, 1, 12, '3', '5', 40),
(1031, 1, 12, '4', '2', 41),
(1032, 1, 12, '4', '4', 42),
(1033, 1, 12, '3', '4', 43),
(1034, 1, 12, '3', '5', 44),
(1035, 1, 12, '3', '3', 45),
(1036, 1, 12, '3', '3', 46),
(1037, 1, 12, '3', '2', 47),
(1038, 1, 12, '5', '3', 48),
(1039, 1, 12, '2', '4', 49),
(1040, 1, 12, '2', '2', 50),
(1041, 1, 12, '4', '2', 51),
(1042, 1, 12, '4', '5', 52),
(1043, 1, 12, '5', '2', 53),
(1044, 1, 12, '2', '3', 54),
(1045, 1, 12, '5', '5', 55),
(1046, 1, 12, '2', '5', 56),
(1047, 1, 12, '4', '2', 57),
(1048, 1, 12, '4', '5', 58),
(1049, 1, 12, '5', '4', 59),
(1050, 1, 12, '4', '2', 60),
(1051, 1, 12, '2', '4', 61),
(1052, 1, 12, '3', '2', 62),
(1053, 1, 12, '2', '4', 63),
(1054, 1, 12, '5', '2', 64),
(1055, 1, 12, '5', '5', 65),
(1056, 1, 12, '4', '2', 66),
(1057, 1, 12, '3', '3', 67),
(1058, 1, 12, '5', '5', 68),
(1059, 1, 12, '2', '3', 69),
(1060, 1, 12, '2', '3', 70),
(1061, 1, 12, '5', '2', 71),
(1062, 1, 12, '3', '3', 72),
(1063, 1, 12, '3', '2', 73),
(1064, 1, 12, '3', '4', 74),
(1065, 1, 12, '3', '2', 75),
(1066, 1, 12, '2', '5', 76),
(1067, 1, 12, '2', '2', 77),
(1068, 1, 12, '4', '3', 78),
(1069, 1, 12, '2', '2', 79),
(1070, 1, 12, '4', '2', 80),
(1071, 1, 12, '5', '5', 81),
(1072, 1, 12, '5', '3', 82),
(1073, 1, 12, '5', '3', 83),
(1074, 1, 12, '2', '4', 84),
(1075, 1, 12, '2', '4', 85),
(1076, 1, 12, '4', '5', 86),
(1077, 1, 12, '4', '4', 87),
(1078, 1, 12, '2', '2', 88),
(1079, 1, 12, '2', '3', 89),
(1080, 1, 12, '5', '4', 90),
(1081, 1, 13, '3', '2', 1),
(1082, 1, 13, '4', '2', 2),
(1083, 1, 13, '4', '2', 3),
(1084, 1, 13, '2', '2', 4),
(1085, 1, 13, '2', '5', 5),
(1086, 1, 13, '5', '4', 6),
(1087, 1, 13, '5', '5', 7),
(1088, 1, 13, '3', '4', 8),
(1089, 1, 13, '5', '4', 9),
(1090, 1, 13, '3', '2', 10),
(1091, 1, 13, '3', '2', 11),
(1092, 1, 13, '2', '5', 12),
(1093, 1, 13, '4', '4', 13),
(1094, 1, 13, '2', '4', 14),
(1095, 1, 13, '3', '3', 15),
(1096, 1, 13, '3', '2', 16),
(1097, 1, 13, '2', '2', 17),
(1098, 1, 13, '4', '2', 18),
(1099, 1, 13, '4', '4', 19),
(1100, 1, 13, '3', '2', 20),
(1101, 1, 13, '4', '2', 21),
(1102, 1, 13, '5', '4', 22),
(1103, 1, 13, '5', '3', 23),
(1104, 1, 13, '5', '4', 24),
(1105, 1, 13, '5', '2', 25),
(1106, 1, 13, '2', '5', 26),
(1107, 1, 13, '2', '2', 27),
(1108, 1, 13, '2', '4', 28),
(1109, 1, 13, '2', '3', 29),
(1110, 1, 13, '3', '5', 30),
(1111, 1, 13, '5', '5', 31),
(1112, 1, 13, '5', '4', 32),
(1113, 1, 13, '3', '3', 33),
(1114, 1, 13, '5', '5', 34),
(1115, 1, 13, '4', '5', 35),
(1116, 1, 13, '3', '2', 36),
(1117, 1, 13, '5', '4', 37),
(1118, 1, 13, '4', '3', 38),
(1119, 1, 13, '2', '2', 39),
(1120, 1, 13, '2', '5', 40),
(1121, 1, 13, '3', '4', 41),
(1122, 1, 13, '2', '4', 42),
(1123, 1, 13, '2', '4', 43),
(1124, 1, 13, '4', '4', 44),
(1125, 1, 13, '5', '5', 45),
(1126, 1, 13, '5', '3', 46),
(1127, 1, 13, '2', '2', 47),
(1128, 1, 13, '4', '2', 48),
(1129, 1, 13, '5', '3', 49),
(1130, 1, 13, '4', '2', 50),
(1131, 1, 13, '5', '4', 51),
(1132, 1, 13, '5', '3', 52),
(1133, 1, 13, '2', '4', 53),
(1134, 1, 13, '3', '3', 54),
(1135, 1, 13, '3', '4', 55),
(1136, 1, 13, '3', '4', 56),
(1137, 1, 13, '2', '5', 57),
(1138, 1, 13, '3', '4', 58),
(1139, 1, 13, '5', '3', 59),
(1140, 1, 13, '3', '5', 60),
(1141, 1, 13, '2', '3', 61),
(1142, 1, 13, '3', '3', 62),
(1143, 1, 13, '5', '2', 63),
(1144, 1, 13, '4', '4', 64),
(1145, 1, 13, '2', '3', 65),
(1146, 1, 13, '3', '4', 66),
(1147, 1, 13, '3', '2', 67),
(1148, 1, 13, '2', '3', 68),
(1149, 1, 13, '2', '5', 69),
(1150, 1, 13, '5', '2', 70),
(1151, 1, 13, '4', '5', 71),
(1152, 1, 13, '4', '2', 72),
(1153, 1, 13, '2', '2', 73),
(1154, 1, 13, '3', '4', 74),
(1155, 1, 13, '2', '3', 75),
(1156, 1, 13, '5', '5', 76),
(1157, 1, 13, '3', '4', 77),
(1158, 1, 13, '4', '5', 78),
(1159, 1, 13, '2', '4', 79),
(1160, 1, 13, '4', '2', 80),
(1161, 1, 13, '5', '5', 81),
(1162, 1, 13, '4', '3', 82),
(1163, 1, 13, '5', '5', 83),
(1164, 1, 13, '3', '3', 84),
(1165, 1, 13, '2', '2', 85),
(1166, 1, 13, '5', '5', 86),
(1167, 1, 13, '5', '2', 87),
(1168, 1, 13, '5', '3', 88),
(1169, 1, 13, '2', '4', 89),
(1170, 1, 13, '4', '4', 90),
(1171, 1, 14, '4', '2', 1),
(1172, 1, 14, '3', '3', 2),
(1173, 1, 14, '3', '4', 3),
(1174, 1, 14, '3', '5', 4),
(1175, 1, 14, '3', '2', 5),
(1176, 1, 14, '3', '4', 6),
(1177, 1, 14, '5', '3', 7),
(1178, 1, 14, '4', '5', 8),
(1179, 1, 14, '3', '4', 9),
(1180, 1, 14, '4', '4', 10),
(1181, 1, 14, '3', '3', 11),
(1182, 1, 14, '3', '4', 12),
(1183, 1, 14, '2', '2', 13),
(1184, 1, 14, '5', '4', 14),
(1185, 1, 14, '5', '5', 15),
(1186, 1, 14, '4', '2', 16),
(1187, 1, 14, '4', '3', 17),
(1188, 1, 14, '4', '2', 18),
(1189, 1, 14, '4', '2', 19),
(1190, 1, 14, '3', '3', 20),
(1191, 1, 14, '2', '3', 21),
(1192, 1, 14, '5', '2', 22),
(1193, 1, 14, '2', '2', 23),
(1194, 1, 14, '5', '3', 24),
(1195, 1, 14, '3', '5', 25),
(1196, 1, 14, '3', '3', 26),
(1197, 1, 14, '3', '4', 27),
(1198, 1, 14, '5', '4', 28),
(1199, 1, 14, '3', '3', 29),
(1200, 1, 14, '4', '5', 30),
(1201, 1, 14, '4', '4', 31),
(1202, 1, 14, '2', '2', 32),
(1203, 1, 14, '4', '2', 33),
(1204, 1, 14, '2', '3', 34),
(1205, 1, 14, '5', '4', 35),
(1206, 1, 14, '4', '4', 36),
(1207, 1, 14, '5', '4', 37),
(1208, 1, 14, '4', '2', 38),
(1209, 1, 14, '3', '4', 39),
(1210, 1, 14, '2', '2', 40),
(1211, 1, 14, '3', '5', 41),
(1212, 1, 14, '4', '4', 42),
(1213, 1, 14, '4', '5', 43),
(1214, 1, 14, '2', '2', 44),
(1215, 1, 14, '4', '2', 45),
(1216, 1, 14, '5', '3', 46),
(1217, 1, 14, '4', '4', 47),
(1218, 1, 14, '5', '5', 48),
(1219, 1, 14, '2', '2', 49),
(1220, 1, 14, '5', '3', 50),
(1221, 1, 14, '2', '5', 51),
(1222, 1, 14, '3', '3', 52),
(1223, 1, 14, '3', '5', 53),
(1224, 1, 14, '2', '4', 54),
(1225, 1, 14, '4', '5', 55),
(1226, 1, 14, '3', '3', 56),
(1227, 1, 14, '2', '3', 57),
(1228, 1, 14, '4', '3', 58),
(1229, 1, 14, '4', '4', 59),
(1230, 1, 14, '3', '2', 60),
(1231, 1, 14, '2', '2', 61),
(1232, 1, 14, '4', '2', 62),
(1233, 1, 14, '4', '3', 63),
(1234, 1, 14, '3', '2', 64),
(1235, 1, 14, '3', '4', 65),
(1236, 1, 14, '4', '3', 66),
(1237, 1, 14, '5', '4', 67),
(1238, 1, 14, '5', '4', 68),
(1239, 1, 14, '5', '3', 69),
(1240, 1, 14, '3', '2', 70),
(1241, 1, 14, '5', '2', 71),
(1242, 1, 14, '3', '3', 72),
(1243, 1, 14, '2', '2', 73),
(1244, 1, 14, '4', '5', 74),
(1245, 1, 14, '3', '2', 75),
(1246, 1, 14, '3', '4', 76),
(1247, 1, 14, '4', '4', 77),
(1248, 1, 14, '2', '3', 78),
(1249, 1, 14, '2', '4', 79),
(1250, 1, 14, '2', '5', 80),
(1251, 1, 14, '3', '5', 81),
(1252, 1, 14, '4', '3', 82),
(1253, 1, 14, '5', '4', 83),
(1254, 1, 14, '2', '2', 84),
(1255, 1, 14, '2', '2', 85),
(1256, 1, 14, '2', '2', 86),
(1257, 1, 14, '4', '2', 87),
(1258, 1, 14, '5', '5', 88),
(1259, 1, 14, '4', '5', 89),
(1260, 1, 14, '2', '4', 90),
(1261, 1, 15, '4', '2', 1),
(1262, 1, 15, '3', '4', 2),
(1263, 1, 15, '3', '3', 3),
(1264, 1, 15, '2', '2', 4),
(1265, 1, 15, '4', '2', 5),
(1266, 1, 15, '4', '2', 6),
(1267, 1, 15, '3', '3', 7),
(1268, 1, 15, '2', '5', 8),
(1269, 1, 15, '2', '2', 9),
(1270, 1, 15, '2', '3', 10),
(1271, 1, 15, '2', '2', 11),
(1272, 1, 15, '2', '4', 12),
(1273, 1, 15, '5', '3', 13),
(1274, 1, 15, '5', '3', 14),
(1275, 1, 15, '3', '2', 15),
(1276, 1, 15, '3', '3', 16),
(1277, 1, 15, '4', '3', 17),
(1278, 1, 15, '2', '2', 18),
(1279, 1, 15, '5', '4', 19),
(1280, 1, 15, '2', '4', 20),
(1281, 1, 15, '4', '4', 21),
(1282, 1, 15, '3', '3', 22),
(1283, 1, 15, '3', '2', 23),
(1284, 1, 15, '4', '4', 24),
(1285, 1, 15, '5', '5', 25),
(1286, 1, 15, '3', '2', 26),
(1287, 1, 15, '5', '2', 27),
(1288, 1, 15, '3', '5', 28),
(1289, 1, 15, '4', '5', 29),
(1290, 1, 15, '4', '4', 30),
(1291, 1, 15, '4', '2', 31),
(1292, 1, 15, '5', '2', 32),
(1293, 1, 15, '3', '5', 33),
(1294, 1, 15, '5', '4', 34),
(1295, 1, 15, '2', '4', 35),
(1296, 1, 15, '2', '2', 36),
(1297, 1, 15, '5', '4', 37),
(1298, 1, 15, '2', '5', 38),
(1299, 1, 15, '4', '5', 39),
(1300, 1, 15, '4', '2', 40),
(1301, 1, 15, '3', '2', 41),
(1302, 1, 15, '4', '2', 42),
(1303, 1, 15, '4', '4', 43),
(1304, 1, 15, '5', '5', 44),
(1305, 1, 15, '5', '2', 45),
(1306, 1, 15, '2', '4', 46),
(1307, 1, 15, '4', '4', 47),
(1308, 1, 15, '5', '2', 48),
(1309, 1, 15, '4', '4', 49),
(1310, 1, 15, '4', '2', 50),
(1311, 1, 15, '4', '3', 51),
(1312, 1, 15, '4', '5', 52),
(1313, 1, 15, '3', '5', 53),
(1314, 1, 15, '2', '2', 54),
(1315, 1, 15, '4', '4', 55),
(1316, 1, 15, '4', '4', 56),
(1317, 1, 15, '3', '5', 57),
(1318, 1, 15, '3', '5', 58),
(1319, 1, 15, '2', '4', 59),
(1320, 1, 15, '3', '4', 60),
(1321, 1, 15, '2', '2', 61),
(1322, 1, 15, '4', '2', 62),
(1323, 1, 15, '2', '3', 63),
(1324, 1, 15, '3', '3', 64),
(1325, 1, 15, '2', '4', 65),
(1326, 1, 15, '5', '2', 66),
(1327, 1, 15, '2', '2', 67),
(1328, 1, 15, '3', '3', 68),
(1329, 1, 15, '5', '4', 69),
(1330, 1, 15, '4', '4', 70),
(1331, 1, 15, '4', '5', 71),
(1332, 1, 15, '4', '5', 72),
(1333, 1, 15, '2', '2', 73),
(1334, 1, 15, '2', '4', 74),
(1335, 1, 15, '4', '2', 75),
(1336, 1, 15, '2', '4', 76),
(1337, 1, 15, '4', '2', 77),
(1338, 1, 15, '3', '2', 78),
(1339, 1, 15, '4', '3', 79),
(1340, 1, 15, '5', '3', 80),
(1341, 1, 15, '4', '3', 81),
(1342, 1, 15, '5', '2', 82),
(1343, 1, 15, '3', '5', 83),
(1344, 1, 15, '5', '3', 84),
(1345, 1, 15, '2', '3', 85),
(1346, 1, 15, '4', '4', 86),
(1347, 1, 15, '2', '4', 87),
(1348, 1, 15, '4', '3', 88),
(1349, 1, 15, '4', '3', 89),
(1350, 1, 15, '4', '3', 90);

-- --------------------------------------------------------

--
-- Struktur dari tabel `t_kuesioner`
--

CREATE TABLE `t_kuesioner` (
  `id_kuesioner` int(11) NOT NULL,
  `judul_kuesioner` varchar(255) NOT NULL,
  `mulai` date NOT NULL,
  `selesai` date NOT NULL,
  `id_pegawai` int(11) NOT NULL
) ENGINE=InnoDB DEFAULT CHARSET=utf8mb4 COLLATE=utf8mb4_general_ci;

--
-- Dumping data untuk tabel `t_kuesioner`
--

INSERT INTO `t_kuesioner` (`id_kuesioner`, `judul_kuesioner`, `mulai`, `selesai`, `id_pegawai`) VALUES
(1, 'Kepuasan Pelanggan v1', '2024-01-31', '2024-02-05', 1);

-- --------------------------------------------------------

--
-- Struktur dari tabel `t_lokasi_server`
--

CREATE TABLE `t_lokasi_server` (
  `id_lokasi_server` int(11) NOT NULL,
  `lokasi_server` varchar(100) NOT NULL
) ENGINE=InnoDB DEFAULT CHARSET=utf8mb4 COLLATE=utf8mb4_general_ci;

--
-- Dumping data untuk tabel `t_lokasi_server`
--

INSERT INTO `t_lokasi_server` (`id_lokasi_server`, `lokasi_server`) VALUES
(1, 'PPPoE Tirtamulya R1'),
(2, 'PPPoE AbelNet'),
(3, 'PPPoE OLT KJ'),
(4, 'PPPoE OLT CITARIK'),
(5, 'PPPoE CIAMPEL');

-- --------------------------------------------------------

--
-- Struktur dari tabel `t_pegawai`
--

CREATE TABLE `t_pegawai` (
  `id_pegawai` int(11) NOT NULL,
  `jabatan` varchar(100) NOT NULL,
  `nama_lengkap` varchar(100) NOT NULL,
  `username` varchar(100) NOT NULL,
  `email` varchar(100) NOT NULL,
  `no_hp` varchar(20) NOT NULL,
  `password` varchar(255) NOT NULL,
  `alamat` varchar(100) NOT NULL
) ENGINE=InnoDB DEFAULT CHARSET=utf8mb4 COLLATE=utf8mb4_general_ci;

--
-- Dumping data untuk tabel `t_pegawai`
--

INSERT INTO `t_pegawai` (`id_pegawai`, `jabatan`, `nama_lengkap`, `username`, `email`, `no_hp`, `password`, `alamat`) VALUES
(1, 'Manajer', 'Manajer 1', 'manajer1', 'manajer1@email.com', '0812747495454', '$2y$10$6lnE0sqZU36.DUX3UFLhuOnz6wYHBODxQVaqjJOGdzfi4QApYJ1BC', 'Jalan Dago, Nomor 414'),
(3, 'Admin', 'Admin 1', 'admin1', 'admin1@email.com', '081277778899', '$2y$10$81mDK1HUQMWOKxgXxkprzeNBO1aLB1mT6grrFH1GbbfQWjYJ8Xztq', 'Jalan Dago, Nomor 12');

-- --------------------------------------------------------

--
-- Struktur dari tabel `t_pelanggan`
--

CREATE TABLE `t_pelanggan` (
  `id_pelanggan` int(11) NOT NULL,
  `id_pegawai` int(11) NOT NULL,
  `nama_lengkap` varchar(100) NOT NULL,
  `no_hp` varchar(20) NOT NULL,
  `alamat` varchar(100) NOT NULL,
  `lokasi_server` int(11) NOT NULL,
  `status_aktif` enum('1','0') NOT NULL,
  `mulai_berlangganan` date NOT NULL
) ENGINE=InnoDB DEFAULT CHARSET=utf8mb4 COLLATE=utf8mb4_general_ci;

--
-- Dumping data untuk tabel `t_pelanggan`
--

INSERT INTO `t_pelanggan` (`id_pelanggan`, `id_pegawai`, `nama_lengkap`, `no_hp`, `alamat`, `lokasi_server`, `status_aktif`, `mulai_berlangganan`) VALUES
(1, 1, 'Miss Josianne Kuphal', '6281385044647', '223 Dina Hill', 2, '1', '2020-12-04'),
(2, 1, 'Orville Tillman', '6281227188600', '8 King Place', 2, '1', '2021-08-21'),
(3, 1, 'Sadye Toy', '6281301203504', '1 Marielle Union', 3, '1', '2019-12-03'),
(4, 1, 'Ms. Earnestine Cummerata', '6281333940740', '7 Malvina Crescent', 4, '1', '2021-04-23'),
(5, 1, 'Katelyn Kemmer', '6281284575572', '62 Spinka Throughway', 1, '1', '2022-03-26'),
(6, 1, 'Rex Rosenbaum', '6281267493691', '10 Wilderman Stream', 5, '1', '2019-03-19'),
(7, 1, 'Augustus Jakubowski', '6281361028761', 'Studio 94\nZackary Path', 1, '1', '2019-09-10'),
(8, 1, 'Mrs. Ima Herzog MD', '6281263970616', '388 Osinski Park', 4, '1', '2022-03-01'),
(9, 1, 'Dr. Erik Casper II', '6281375314880', 'Flat 77f\nMarie Ridges', 2, '1', '2023-05-05'),
(10, 1, 'Dr. Ralph Morar II', '6281258832325', '8 Green Coves', 1, '0', '2019-03-24'),
(11, 1, 'Andres Padberg II', '6281228124316', '3 Yost Meadow', 4, '0', '2024-01-21'),
(12, 1, 'Dr. Alia Yost Sr.', '6281225365018', '20 Tillman Wall', 1, '0', '2022-01-19'),
(13, 1, 'Prof. Loma Casper Sr.', '6281344540223', 'Flat 85\nBridgette View', 2, '1', '2022-05-26'),
(14, 1, 'Prof. Arnulfo Gutkowski DVM', '6281322112432', '71 Weber Vista', 2, '0', '2021-11-11'),
(15, 1, 'Orville Beer', '6281362383114', 'Studio 39q\nHaylee Orchard', 2, '0', '2020-06-07'),
(16, 1, 'Ms. Verla Schmitt V', '6281271875812', '55 Labadie Walk', 1, '0', '2019-08-30'),
(17, 1, 'Prof. Breanna Harber', '6281311009147', '98 Tyree Knoll', 1, '0', '2023-03-25'),
(18, 1, 'Felton Jones', '6281271774499', '810 Collier Ports', 2, '1', '2022-01-16'),
(19, 1, 'King Collins', '6281288957406', 'Flat 78\nWalter Row', 4, '0', '2021-03-15'),
(20, 1, 'Mr. Gust Doyle', '6281324087022', 'Flat 14l\nSpencer Spurs', 5, '1', '2020-04-19'),
(21, 1, 'Lora Wyman MD', '6281229683826', '41 Shields Ways', 3, '0', '2020-05-28'),
(22, 1, 'Prof. Brandyn Witting', '6281325814547', 'Studio 05\nKunde Square', 4, '1', '2021-09-25'),
(23, 1, 'Mr. Bertrand Eichmann', '6281332767130', 'Flat 93\nCormier Unions', 1, '0', '2019-02-25'),
(24, 1, 'Sammie Harvey', '6281359463405', '681 Gusikowski Stream', 1, '0', '2023-07-16'),
(25, 1, 'Dr. Rae Mills MD', '6281302258775', '96 Princess Tunnel', 5, '1', '2021-11-27'),
(26, 1, 'Jalen Greenholt', '6281346532928', '41 Roy Walks', 2, '1', '2021-11-01'),
(27, 1, 'Brant Feeney DDS', '6281304871296', '6 Isidro Crossroad', 4, '1', '2022-12-15'),
(28, 1, 'Lyla Sporer', '6281231488212', 'Flat 78\nMekhi River', 2, '1', '2020-09-22'),
(29, 1, 'Mac Kemmer', '6281337368765', '9 Pearline Station', 5, '1', '2023-07-20'),
(30, 1, 'Dr. Roosevelt Pouros', '6281216972063', 'Studio 71l\nReanna Course', 4, '1', '2023-11-19'),
(31, 1, 'Prof. Milford Bins V', '6281222092919', '0 Jamey Forks', 3, '1', '2021-08-14'),
(32, 1, 'Ms. Kassandra Dickens', '6281398168232', '16 Strosin Wall', 3, '1', '2021-05-01'),
(33, 1, 'Rodger Hills Sr.', '6281396409824', '18 Gladyce Points', 2, '1', '2021-05-20'),
(34, 1, 'Vincenza Ritchie', '6281270038425', 'Flat 63\nRex Canyon', 4, '1', '2020-04-12'),
(35, 1, 'Mrs. Elsa Krajcik', '6281335731207', 'Studio 12\nPfannerstill Terrace', 3, '1', '2019-03-22'),
(36, 1, 'Freddy Bradtke DVM', '6281321411285', '146 Hane Courts', 4, '0', '2023-01-20'),
(37, 1, 'Pedro Wiegand', '6281319833045', '1 Prosacco Bypass', 5, '1', '2021-06-02'),
(38, 1, 'Mateo Skiles', '6281287954566', '97 Miles Place', 5, '1', '2019-03-06'),
(39, 1, 'Lennie Wyman', '6281333076653', '085 Price Rapids', 3, '1', '2023-03-30'),
(40, 1, 'Jackeline Eichmann', '6281324545391', '5 Esta Camp', 2, '1', '2023-02-02'),
(41, 1, 'Prof. Jasper Krajcik PhD', '6281259492474', '697 Ferry Radial', 2, '1', '2021-07-08'),
(42, 1, 'Mr. Elmore Mertz V', '6281310529980', 'Flat 52\nKrajcik Springs', 3, '1', '2020-06-19'),
(43, 1, 'Emile Ebert V', '6281268766320', '64 Senger Port', 2, '1', '2022-03-17'),
(44, 1, 'Dr. Samson Lang', '6281262341240', 'Studio 66\nLyda Manors', 3, '1', '2019-03-28'),
(45, 1, 'Alana Renner', '6281379375087', 'Flat 47\nHirthe Grove', 3, '1', '2023-03-17'),
(46, 1, 'Gregorio Feil', '6281339840415', '383 Lindgren Gateway', 4, '1', '2023-12-01'),
(47, 1, 'Dr. Adrien Konopelski', '6281267889942', 'Studio 80\nLabadie Views', 2, '1', '2020-09-15'),
(48, 1, 'Aglae Lemke Sr.', '6281236021905', '842 Walsh Way', 5, '1', '2023-02-20'),
(49, 1, 'Mr. Giovanny Bahringer', '6281340381887', 'Flat 84\nBradtke Crossroad', 2, '1', '2024-01-17'),
(50, 1, 'Dr. Adah Dare', '6281345053673', 'Flat 16\nBernier Trail', 5, '1', '2020-03-04'),
(51, 1, 'Toney Block', '6281368575749', 'Flat 46\nLee Burgs', 3, '1', '2023-03-08'),
(52, 1, 'Arlene Gorczany PhD', '6281239251226', '625 Stiedemann Canyon', 3, '1', '2019-02-13'),
(53, 1, 'Trinity Grady DVM', '6281316882815', 'Studio 87\nFrami Knoll', 5, '1', '2020-12-08'),
(54, 1, 'Savion Schimmel', '6281292147726', '44 Myron Fort', 5, '1', '2019-10-29'),
(55, 1, 'Eusebio Bode', '6281331615812', '86 Botsford Pass', 2, '1', '2022-11-26'),
(56, 1, 'Skyla Brekke', '6281392346907', '897 Schinner Haven', 4, '1', '2020-12-27'),
(57, 1, 'Dr. Dillon Schamberger', '6281384720230', '832 Wehner Burgs', 1, '1', '2022-10-28'),
(58, 1, 'Blake Feest', '6281271724893', '5 Johns Center', 5, '1', '2023-10-24'),
(59, 1, 'Tyra Wolff', '6281296609467', '313 Jamie Light', 3, '1', '2021-08-04'),
(60, 1, 'Verona Hills', '6281366656888', '051 Wilderman Route', 4, '1', '2021-10-02'),
(61, 1, 'Ms. Skyla Mante Jr.', '6281304338502', '0 Rohan Lane', 5, '1', '2023-06-23'),
(62, 1, 'Dr. Tyson Murazik', '6281213565312', '96 Rachelle Shores', 2, '1', '2021-02-28'),
(63, 1, 'Prof. Timmy Berge', '6281374604624', 'Flat 70u\nKaitlin Spur', 4, '1', '2023-03-31'),
(64, 1, 'Lorine Mosciski I', '6281285038420', '427 Karine Spurs', 4, '1', '2019-06-07'),
(65, 1, 'Felipe Altenwerth', '6281336977160', '2 Chauncey Rest', 2, '1', '2023-12-01'),
(66, 1, 'Ms. Wava Corkery PhD', '6281294782067', '20 Luna Forges', 2, '1', '2023-06-26'),
(67, 1, 'Prof. Maya Moen Sr.', '6281239947051', '742 Cole Lodge', 2, '1', '2023-03-22'),
(68, 1, 'Mr. Bret Krajcik', '6281395815383', '207 Kshlerin Lights', 1, '1', '2020-06-12'),
(69, 1, 'Eddie Hintz', '6281259530409', '3 Murray Forge', 5, '1', '2023-06-16'),
(70, 1, 'Abelardo Schiller', '6281390319743', '03 Angus Isle', 2, '1', '2021-04-14'),
(71, 1, 'Elsie Prosacco', '6281349013687', '042 Earline Walks', 4, '1', '2021-10-27'),
(72, 1, 'Dr. Jonathon Stoltenberg PhD', '6281306074868', 'Flat 42l\nKaci Vista', 2, '1', '2019-03-18'),
(73, 1, 'Dr. Paxton Dooley I', '6281325483427', 'Studio 00x\nWelch Brook', 5, '1', '2022-12-03'),
(74, 1, 'Maud Orn', '6281305813275', '156 Schamberger Ville', 4, '1', '2019-09-09'),
(75, 1, 'Dr. Deontae Kertzmann V', '6281316034564', '6 Juana Route', 1, '1', '2022-04-07'),
(76, 1, 'Wilson Koss', '6281323271117', '07 Aiden Fall', 1, '0', '2023-07-17'),
(77, 1, 'Sylvia Koepp', '6281246629216', '27 Waelchi Loaf', 1, '1', '2020-08-29'),
(78, 1, 'Angela Christiansen', '6281383891647', '43 Christiansen Club', 5, '1', '2023-08-28'),
(79, 1, 'Mr. Sebastian Wisoky', '6281341633839', 'Studio 09\nReina Locks', 2, '1', '2022-10-08'),
(80, 1, 'Velva Watsica', '6281326814084', '72 Logan Junctions', 4, '0', '2020-08-12'),
(81, 1, 'Oswald Thiel', '6281354322319', '453 Jaiden Fort', 3, '0', '2019-06-17'),
(82, 1, 'Prof. Delta Heathcote DDS', '6281249131623', '277 Isac Points', 1, '1', '2021-03-17'),
(83, 1, 'Miss Sallie Rice Sr.', '6281277050134', '646 Maxwell Shore', 5, '0', '2019-11-21'),
(84, 1, 'Miss Ruth Von Jr.', '6281287875276', '5 Barry Hills', 5, '0', '2021-01-12'),
(85, 1, 'Alyson Hoppe MD', '6281240504794', '3 Lilyan Burg', 5, '1', '2019-05-25'),
(86, 1, 'Hassan Kulas', '6281390657470', '82 Franecki Springs', 1, '0', '2022-02-18'),
(87, 1, 'Marlon Considine', '6281377198721', '9 Streich Station', 3, '0', '2022-08-22'),
(88, 1, 'Armani Luettgen IV', '6281359898688', '595 Emie Expressway', 5, '1', '2020-10-14'),
(89, 1, 'Jalyn Reilly', '6281347838835', '1 Jerde Crest', 5, '0', '2022-01-06'),
(90, 1, 'Dr. Shany Ferry III', '6281383486600', 'Flat 00b\nShanahan Wall', 3, '0', '2022-12-12');

-- --------------------------------------------------------

--
-- Struktur dari tabel `t_pernyataan`
--

CREATE TABLE `t_pernyataan` (
  `id_pernyataan` int(11) NOT NULL,
  `id_kuesioner` int(11) NOT NULL,
  `id_dimensi` int(11) NOT NULL,
  `pernyataan` varchar(255) NOT NULL
) ENGINE=InnoDB DEFAULT CHARSET=utf8mb4 COLLATE=utf8mb4_general_ci;

--
-- Dumping data untuk tabel `t_pernyataan`
--

INSERT INTO `t_pernyataan` (`id_pernyataan`, `id_kuesioner`, `id_dimensi`, `pernyataan`) VALUES
(1, 1, 1, 'Tempat yang strategis'),
(2, 1, 1, 'Lingkungan perusahaan yang bersih dan nyaman'),
(3, 1, 1, 'Kelengkapan dan fasilitas yang disediakan'),
(4, 1, 2, 'Kesesuaian harga dan kualitas yang diberikan'),
(5, 1, 2, 'Pelayanan cepat tanggap yang baik'),
(6, 1, 2, 'Kemampian perusahaan dalam memberikan inforasi dengan baik'),
(7, 1, 3, 'Ketanggapan perusahaan dalam memenuhi kebutuhan pelanggan'),
(8, 1, 3, 'Kecepatan teknisi dalam menyelesaikan pekerjaan'),
(9, 1, 3, 'Internet yang cepat dan stabil'),
(10, 1, 4, 'Kualitas pelayanan yang baik'),
(11, 1, 4, 'Kesigapan perusahaan dalam menangani masalah'),
(12, 1, 4, 'Keamanan privasi dan informasi'),
(13, 1, 5, 'Penawaran promosi atau diskon khusus'),
(14, 1, 5, 'Kepedulian perusahaan dalam melayani pelanggan'),
(15, 1, 5, 'Perusahaan memenuhi keinginan serta kebutuhan pelanggan');

-- --------------------------------------------------------

--
-- Struktur dari tabel `t_sudah_isi_kuesioner`
--

CREATE TABLE `t_sudah_isi_kuesioner` (
  `id_kuesioner` int(11) NOT NULL,
  `id_pelanggan` int(11) NOT NULL
) ENGINE=InnoDB DEFAULT CHARSET=utf8mb4 COLLATE=utf8mb4_general_ci;

--
-- Dumping data untuk tabel `t_sudah_isi_kuesioner`
--

INSERT INTO `t_sudah_isi_kuesioner` (`id_kuesioner`, `id_pelanggan`) VALUES
(1, 1),
(1, 2),
(1, 3),
(1, 4),
(1, 5),
(1, 6),
(1, 7),
(1, 8),
(1, 9),
(1, 10),
(1, 11),
(1, 12),
(1, 13),
(1, 14),
(1, 15),
(1, 16),
(1, 17),
(1, 18),
(1, 19),
(1, 20),
(1, 21),
(1, 22),
(1, 23),
(1, 24),
(1, 25),
(1, 26),
(1, 27),
(1, 28),
(1, 29),
(1, 30),
(1, 31),
(1, 32),
(1, 33),
(1, 34),
(1, 35),
(1, 36),
(1, 37),
(1, 38),
(1, 39),
(1, 40),
(1, 41),
(1, 42),
(1, 43),
(1, 44),
(1, 45),
(1, 46),
(1, 47),
(1, 48),
(1, 49),
(1, 50),
(1, 51),
(1, 52),
(1, 53),
(1, 54),
(1, 55),
(1, 56),
(1, 57),
(1, 58),
(1, 59),
(1, 60),
(1, 61),
(1, 62),
(1, 63),
(1, 64),
(1, 65),
(1, 66),
(1, 67),
(1, 68),
(1, 69),
(1, 70),
(1, 71),
(1, 72),
(1, 73),
(1, 74),
(1, 75),
(1, 76),
(1, 77),
(1, 78),
(1, 79),
(1, 80),
(1, 81),
(1, 82),
(1, 83),
(1, 84),
(1, 85),
(1, 86),
(1, 87),
(1, 88),
(1, 89),
(1, 90);

--
-- Indexes for dumped tables
--

--
-- Indeks untuk tabel `t_detail_evaluasi`
--
ALTER TABLE `t_detail_evaluasi`
  ADD PRIMARY KEY (`id_detail_evaluasi`),
  ADD KEY `id_pernyataan` (`id_pernyataan`),
  ADD KEY `t_detail_evaluasi_ibfk_1` (`id_evaluasi`);

--
-- Indeks untuk tabel `t_dimensi`
--
ALTER TABLE `t_dimensi`
  ADD PRIMARY KEY (`id_dimensi`);

--
-- Indeks untuk tabel `t_evaluasi`
--
ALTER TABLE `t_evaluasi`
  ADD PRIMARY KEY (`id_evaluasi`),
  ADD KEY `id_kuesioner` (`id_kuesioner`);

--
-- Indeks untuk tabel `t_jawaban`
--
ALTER TABLE `t_jawaban`
  ADD PRIMARY KEY (`id_jawaban`),
  ADD KEY `id_kuesioner` (`id_kuesioner`),
  ADD KEY `id_pelanggan` (`id_pelanggan`),
  ADD KEY `id_pernyataan` (`id_pernyataan`);

--
-- Indeks untuk tabel `t_kuesioner`
--
ALTER TABLE `t_kuesioner`
  ADD PRIMARY KEY (`id_kuesioner`),
  ADD KEY `id_pegawai` (`id_pegawai`);

--
-- Indeks untuk tabel `t_lokasi_server`
--
ALTER TABLE `t_lokasi_server`
  ADD PRIMARY KEY (`id_lokasi_server`);

--
-- Indeks untuk tabel `t_pegawai`
--
ALTER TABLE `t_pegawai`
  ADD PRIMARY KEY (`id_pegawai`);

--
-- Indeks untuk tabel `t_pelanggan`
--
ALTER TABLE `t_pelanggan`
  ADD PRIMARY KEY (`id_pelanggan`),
  ADD KEY `id_pegawai` (`id_pegawai`),
  ADD KEY `lokasi_server` (`lokasi_server`);

--
-- Indeks untuk tabel `t_pernyataan`
--
ALTER TABLE `t_pernyataan`
  ADD PRIMARY KEY (`id_pernyataan`),
  ADD KEY `id_kuesioner` (`id_kuesioner`),
  ADD KEY `id_dimensi` (`id_dimensi`);

--
-- Indeks untuk tabel `t_sudah_isi_kuesioner`
--
ALTER TABLE `t_sudah_isi_kuesioner`
  ADD KEY `id_pelanggan` (`id_pelanggan`),
  ADD KEY `t_sudah_isi_kuesioner_ibfk_1` (`id_kuesioner`);

--
-- AUTO_INCREMENT untuk tabel yang dibuang
--

--
-- AUTO_INCREMENT untuk tabel `t_detail_evaluasi`
--
ALTER TABLE `t_detail_evaluasi`
  MODIFY `id_detail_evaluasi` int(11) NOT NULL AUTO_INCREMENT, AUTO_INCREMENT=136;

--
-- AUTO_INCREMENT untuk tabel `t_dimensi`
--
ALTER TABLE `t_dimensi`
  MODIFY `id_dimensi` int(11) NOT NULL AUTO_INCREMENT, AUTO_INCREMENT=6;

--
-- AUTO_INCREMENT untuk tabel `t_evaluasi`
--
ALTER TABLE `t_evaluasi`
  MODIFY `id_evaluasi` int(11) NOT NULL AUTO_INCREMENT, AUTO_INCREMENT=11;

--
-- AUTO_INCREMENT untuk tabel `t_jawaban`
--
ALTER TABLE `t_jawaban`
  MODIFY `id_jawaban` int(11) NOT NULL AUTO_INCREMENT, AUTO_INCREMENT=1351;

--
-- AUTO_INCREMENT untuk tabel `t_kuesioner`
--
ALTER TABLE `t_kuesioner`
  MODIFY `id_kuesioner` int(11) NOT NULL AUTO_INCREMENT, AUTO_INCREMENT=17;

--
-- AUTO_INCREMENT untuk tabel `t_lokasi_server`
--
ALTER TABLE `t_lokasi_server`
  MODIFY `id_lokasi_server` int(11) NOT NULL AUTO_INCREMENT, AUTO_INCREMENT=12;

--
-- AUTO_INCREMENT untuk tabel `t_pegawai`
--
ALTER TABLE `t_pegawai`
  MODIFY `id_pegawai` int(11) NOT NULL AUTO_INCREMENT, AUTO_INCREMENT=10;

--
-- AUTO_INCREMENT untuk tabel `t_pelanggan`
--
ALTER TABLE `t_pelanggan`
  MODIFY `id_pelanggan` int(11) NOT NULL AUTO_INCREMENT, AUTO_INCREMENT=98;

--
-- AUTO_INCREMENT untuk tabel `t_pernyataan`
--
ALTER TABLE `t_pernyataan`
  MODIFY `id_pernyataan` int(11) NOT NULL AUTO_INCREMENT, AUTO_INCREMENT=49;

--
-- Ketidakleluasaan untuk tabel pelimpahan (Dumped Tables)
--

--
-- Ketidakleluasaan untuk tabel `t_detail_evaluasi`
--
ALTER TABLE `t_detail_evaluasi`
  ADD CONSTRAINT `t_detail_evaluasi_ibfk_1` FOREIGN KEY (`id_evaluasi`) REFERENCES `t_evaluasi` (`id_evaluasi`) ON DELETE CASCADE ON UPDATE CASCADE,
  ADD CONSTRAINT `t_detail_evaluasi_ibfk_2` FOREIGN KEY (`id_pernyataan`) REFERENCES `t_pernyataan` (`id_pernyataan`);

--
-- Ketidakleluasaan untuk tabel `t_evaluasi`
--
ALTER TABLE `t_evaluasi`
  ADD CONSTRAINT `t_evaluasi_ibfk_1` FOREIGN KEY (`id_kuesioner`) REFERENCES `t_kuesioner` (`id_kuesioner`);

--
-- Ketidakleluasaan untuk tabel `t_jawaban`
--
ALTER TABLE `t_jawaban`
  ADD CONSTRAINT `t_jawaban_ibfk_1` FOREIGN KEY (`id_kuesioner`) REFERENCES `t_kuesioner` (`id_kuesioner`),
  ADD CONSTRAINT `t_jawaban_ibfk_2` FOREIGN KEY (`id_pelanggan`) REFERENCES `t_pelanggan` (`id_pelanggan`),
  ADD CONSTRAINT `t_jawaban_ibfk_3` FOREIGN KEY (`id_pernyataan`) REFERENCES `t_pernyataan` (`id_pernyataan`);

--
-- Ketidakleluasaan untuk tabel `t_kuesioner`
--
ALTER TABLE `t_kuesioner`
  ADD CONSTRAINT `t_kuesioner_ibfk_1` FOREIGN KEY (`id_pegawai`) REFERENCES `t_pegawai` (`id_pegawai`);

--
-- Ketidakleluasaan untuk tabel `t_pelanggan`
--
ALTER TABLE `t_pelanggan`
  ADD CONSTRAINT `t_pelanggan_ibfk_1` FOREIGN KEY (`id_pegawai`) REFERENCES `t_pegawai` (`id_pegawai`),
  ADD CONSTRAINT `t_pelanggan_ibfk_2` FOREIGN KEY (`lokasi_server`) REFERENCES `t_lokasi_server` (`id_lokasi_server`);

--
-- Ketidakleluasaan untuk tabel `t_pernyataan`
--
ALTER TABLE `t_pernyataan`
  ADD CONSTRAINT `t_pernyataan_ibfk_1` FOREIGN KEY (`id_kuesioner`) REFERENCES `t_kuesioner` (`id_kuesioner`) ON DELETE CASCADE ON UPDATE CASCADE,
  ADD CONSTRAINT `t_pernyataan_ibfk_2` FOREIGN KEY (`id_dimensi`) REFERENCES `t_dimensi` (`id_dimensi`);

--
-- Ketidakleluasaan untuk tabel `t_sudah_isi_kuesioner`
--
ALTER TABLE `t_sudah_isi_kuesioner`
  ADD CONSTRAINT `t_sudah_isi_kuesioner_ibfk_1` FOREIGN KEY (`id_kuesioner`) REFERENCES `t_kuesioner` (`id_kuesioner`) ON DELETE CASCADE ON UPDATE CASCADE,
  ADD CONSTRAINT `t_sudah_isi_kuesioner_ibfk_2` FOREIGN KEY (`id_pelanggan`) REFERENCES `t_pelanggan` (`id_pelanggan`);
COMMIT;

/*!40101 SET CHARACTER_SET_CLIENT=@OLD_CHARACTER_SET_CLIENT */;
/*!40101 SET CHARACTER_SET_RESULTS=@OLD_CHARACTER_SET_RESULTS */;
/*!40101 SET COLLATION_CONNECTION=@OLD_COLLATION_CONNECTION */;
